{
  "title":"Поставте Пожалуйста Ешку",
  "subtitle": "Пожалуйста",
  "authors": "hz",
  "publisher": "❤️",
  "isbn13":"N/A",
  "pages":"",
  "year":"2021",
  "rating":"0",
  "desc": "Писатель, ещё при жизни признанный главой русской литературы[6]. Творчество Льва Толстого ознаменовало новый этап в русском и мировом реализме, выступив мостом между классическим романом XIX века и литературой XX века. Лев Толстой оказал сильное влияниеПерейти к разделу «#Значение и влияние творчества» на эволюцию европейского гуманизма, а также на развитие реалистических традиций в мировой литературе. Произведения Льва Толстого многократно экранизировались и инсценировались; его пьесы ставились на сценах всего мира[6]. Лев Толстой был самым издаваемым в СССР писателем за 1918—1986 годы: общий тираж 3199 изданий составил 436,261 млн экземпляров[7].",
  "price":"0",
  "image": ""
}
